{
    "evaluation_metrics": {
        "eval_loss": 0.7285871505737305,
        "eval_model_preparation_time": 0.002,
        "eval_0": {
            "precision": 0.7744027303754266,
            "recall": 0.7009576768612913,
            "f1-score": 0.7358521161018323,
            "support": 3237.0
        },
        "eval_1": {
            "precision": 0.77809881537128,
            "recall": 0.7995843230403801,
            "f1-score": 0.7886952701713281,
            "support": 3368.0
        },
        "eval_2": {
            "precision": 0.6632682784736382,
            "recall": 0.7073625349487418,
            "f1-score": 0.6846061334936862,
            "support": 3219.0
        },
        "eval_accuracy": 0.7368688925081434,
        "eval_macro avg": {
            "precision": 0.7385899414067816,
            "recall": 0.7359681782834709,
            "f1-score": 0.7363845065889488,
            "support": 9824.0
        },
        "eval_weighted avg": {
            "precision": 0.7392547879481238,
            "recall": 0.7368688925081434,
            "f1-score": 0.7371769252315595,
            "support": 9824.0
        },
        "eval_runtime": 155.3466,
        "eval_samples_per_second": 63.239,
        "eval_steps_per_second": 3.952
    },
    "learning_analysis": {
        "class_performance": {
            "entailment": {
                "accuracy": 0.7009576768612913,
                "correct_predictions": 2269,
                "total_samples": 3237,
                "learning_quality": "Orta"
            },
            "neutral": {
                "accuracy": 0.7995843230403801,
                "correct_predictions": 2693,
                "total_samples": 3368,
                "learning_quality": "Orta"
            },
            "contradiction": {
                "accuracy": 0.7073625349487418,
                "correct_predictions": 2277,
                "total_samples": 3219,
                "learning_quality": "Orta"
            }
        },
        "best_learned_class": "neutral",
        "worst_learned_class": "entailment",
        "overall_insights": {
            "high_performance_classes": [],
            "low_performance_classes": [],
            "balanced_learning": true
        }
    },
    "confusion_matrix": [
        [
            2269,
            316,
            652
        ],
        [
            171,
            2693,
            504
        ],
        [
            490,
            452,
            2277
        ]
    ],
    "class_metrics": {
        "precision": [
            0.7744027303754266,
            0.77809881537128,
            0.6632682784736382
        ],
        "recall": [
            0.7009576768612913,
            0.7995843230403801,
            0.7073625349487418
        ],
        "f1-score": [
            0.7358521161018323,
            0.7886952701713281,
            0.6846061334936862
        ]
    }
}