{
    "evaluation_metrics": {
        "eval_loss": 0.7285871505737305,
        "eval_model_preparation_time": 0.002,
        "eval_0": {
            "precision": 0.8364020525203743,
            "recall": 0.8560395427865307,
            "f1-score": 0.8461068702290077,
            "support": 3237.0
        },
        "eval_1": {
            "precision": 0.8610603290676416,
            "recall": 0.8390736342042755,
            "f1-score": 0.8499248120300752,
            "support": 3368.0
        },
        "eval_2": {
            "precision": 0.7785692164756891,
            "recall": 0.7809878844361603,
            "f1-score": 0.7797766749379652,
            "support": 3219.0
        },
        "eval_accuracy": 0.8256311074918566,
        "eval_macro avg": {
            "precision": 0.825343866021235,
            "recall": 0.8253670204756555,
            "f1-score": 0.8252694523990161,
            "support": 9824.0
        },
        "eval_weighted avg": {
            "precision": 0.8259058367409926,
            "recall": 0.8256311074918566,
            "f1-score": 0.8256815780205519,
            "support": 9824.0
        },
        "eval_runtime": 155.3466,
        "eval_samples_per_second": 63.239,
        "eval_steps_per_second": 3.952
    },
    "learning_analysis": {
        "class_performance": {
            "entailment": {
                "accuracy": 0.8560395427865307,
                "correct_predictions": 2771,
                "total_samples": 3237,
                "learning_quality": "İyi"
            },
            "neutral": {
                "accuracy": 0.8390736342042755,
                "correct_predictions": 2826,
                "total_samples": 3368,
                "learning_quality": "İyi"
            },
            "contradiction": {
                "accuracy": 0.7809878844361603,
                "correct_predictions": 2514,
                "total_samples": 3219,
                "learning_quality": "Orta"
            }
        },
        "best_learned_class": "entailment",
        "worst_learned_class": "contradiction",
        "overall_insights": {
            "high_performance_classes": [
                "entailment",
                "neutral"
            ],
            "low_performance_classes": [],
            "balanced_learning": true
        }
    },
    "confusion_matrix": [
        [
            2771,
            133,
            333
        ],
        [
            160,
            2826,
            382
        ],
        [
            382,
            323,
            2514
        ]
    ],
    "class_metrics": {
        "precision": [
            0.8364020525203743,
            0.8610603290676416,
            0.7785692164756891
        ],
        "recall": [
            0.8560395427865307,
            0.8390736342042755,
            0.7809878844361603
        ],
        "f1-score": [
            0.8461068702290077,
            0.8499248120300752,
            0.7797766749379652
        ]
    }
}