{
    "run-0": {
        "eval_loss": 0.7095422744750977,
        "eval_model_preparation_time": 0.0,
        "eval_accuracy": 0.73823230612936,
        "eval_runtime": 46.6789,
        "eval_samples_per_second": 63.262,
        "eval_steps_per_second": 7.926
    }
}